{
  "name": "angular-messages",
  "version": "1.6.2",
  "license": "MIT",
  "main": "./angular-messages.js",
  "ignore": [],
  "dependencies": {
    "angular": "1.6.2"
  },
  "homepage": "https://github.com/angular/bower-angular-messages",
  "_release": "1.6.2",
  "_resolution": {
    "type": "version",
    "tag": "v1.6.2",
    "commit": "871c3f7890bebc9d4d8f838cc2bf5a2d136fa8dd"
  },
  "_source": "https://github.com/angular/bower-angular-messages.git",
  "_target": "1.6.2",
  "_originalSource": "angular-messages"
}