{
  "name": "promise-polyfill",
  "version": "6.0.2",
  "homepage": "https://github.com/taylorhakes/promise-polyfill",
  "authors": [
    "Taylor Hakes"
  ],
  "description": "Lightweight promise polyfill for the browser and node. A+ Compliant.",
  "main": "promise.js",
  "moduleType": [
    "globals",
    "node"
  ],
  "keywords": [
    "promise",
    "es6",
    "polyfill",
    "html5"
  ],
  "license": "MIT",
  "ignore": [
    "**/.*",
    "node_modules",
    "bower_components",
    "test",
    "tests"
  ],
  "_release": "6.0.2",
  "_resolution": {
    "type": "version",
    "tag": "6.0.2",
    "commit": "3591c457e9999ecf5e5c648ed68d4f21a0ad3d11"
  },
  "_source": "https://github.com/taylorhakes/promise-polyfill.git",
  "_target": "^6.0.2",
  "_originalSource": "promise-polyfill"
}